Emotion,Country,YES,NO,DON'T KNOW/REFUSED
SADNESS,Afghanistan,45%,54%,
SADNESS,Albania,29%,70%,1%
SADNESS,Argentina,28%,71%,
SADNESS,Armenia,36%,63%,
SADNESS,Australia,24%,76%,
SADNESS,Austria,20%,80%,
SADNESS,Azerbaijan,22%,76%,2%
SADNESS,Bahrain,33%,67%,
SADNESS,Bangladesh,45%,55%,
SADNESS,Belgium,21%,79%,
SADNESS,Benin,38%,61%,
SADNESS,Bolivia,38%,62%,
SADNESS,Bosnia and Herzegovina,17%,82%,1%
SADNESS,Botswana,26%,74%,
SADNESS,Brazil,24%,76%,
SADNESS,Bulgaria,20%,78%,2%
SADNESS,Burkina Faso,33%,66%,1%
SADNESS,Cambodia,43%,57%,
SADNESS,Cameroon,33%,67%,
SADNESS,Canada,26%,74%,
SADNESS,Chad,52%,48%,
SADNESS,Chile,23%,77%,
SADNESS,China,15%,85%,
SADNESS,Colombia,26%,74%,
SADNESS,Comoros,36%,63%,1%
SADNESS,Costa Rica,24%,76%,
SADNESS,Cote d'Ivoire,30%,70%,
SADNESS,Croatia,14%,83%,2%
SADNESS,Cyprus,23%,77%,
SADNESS,Czech Republic,22%,78%,
SADNESS,Democratic Republic of the Congo,49%,50%,
SADNESS,Denmark,20%,80%,
SADNESS,Dominican Republic,26%,74%,1%
SADNESS,Ecuador,33%,66%,1%
SADNESS,Egypt,29%,71%,
SADNESS,El Salvador,35%,65%,
SADNESS,Estonia,17%,83%,
SADNESS,Eswatini,34%,66%,
SADNESS,Ethiopia,25%,74%,
SADNESS,Finland,14%,86%,
SADNESS,France,20%,80%,
SADNESS,Gabon,40%,60%,
SADNESS,Gambia,26%,74%,
SADNESS,Georgia,19%,81%,
SADNESS,Germany,24%,76%,
SADNESS,Ghana,24%,75%,1%
SADNESS,Greece,26%,74%,
SADNESS,Guatemala,32%,68%,
SADNESS,Guinea,52%,46%,1%
SADNESS,Honduras,26%,73%,
SADNESS,"Hong Kong, S.A.R. of China",11%,89%,
SADNESS,Hungary,18%,82%,
SADNESS,Iceland,16%,84%,
SADNESS,India,38%,61%,1%
SADNESS,Indonesia,27%,73%,
SADNESS,Iran,37%,63%,
SADNESS,Iraq,39%,61%,
SADNESS,Ireland,22%,78%,
SADNESS,Israel,51%,48%,1%
SADNESS,Italy,27%,73%,
SADNESS,Japan,12%,87%,
SADNESS,Jordan,39%,61%,
SADNESS,Kazakhstan,12%,86%,1%
SADNESS,Kenya,23%,77%,
SADNESS,Kosovo,7%,92%,1%
SADNESS,Kuwait,14%,86%,
SADNESS,Kyrgyzstan,11%,88%,
SADNESS,Lao People's Democratic Republic,30%,69%,1%
SADNESS,Latvia,24%,75%,
SADNESS,Lebanon,32%,68%,
SADNESS,Liberia,46%,54%,
SADNESS,Libya,31%,69%,
SADNESS,Lithuania,18%,79%,3%
SADNESS,Luxembourg,14%,86%,
SADNESS,Madagascar,41%,59%,
SADNESS,Malawi,40%,60%,
SADNESS,Malaysia,18%,82%,
SADNESS,Mali,30%,70%,
SADNESS,Malta,24%,76%,
SADNESS,Mauritania,31%,69%,
SADNESS,Mauritius,17%,82%,
SADNESS,Mexico,23%,77%,
SADNESS,"Moldova, Republic of",26%,73%,1%
SADNESS,Mongolia,14%,86%,
SADNESS,Montenegro,22%,78%,
SADNESS,Morocco,36%,64%,
SADNESS,Mozambique,32%,67%,1%
SADNESS,Myanmar,31%,69%,
SADNESS,Namibia,18%,82%,
SADNESS,Nepal,34%,65%,1%
SADNESS,Netherlands (Kingdom of the),17%,83%,1%
SADNESS,New Zealand,20%,79%,
SADNESS,Nicaragua,35%,65%,
SADNESS,Niger,38%,62%,
SADNESS,Nigeria,20%,79%,1%
SADNESS,North Macedonia,18%,81%,
SADNESS,Northern Cyprus,43%,56%,1%
SADNESS,Norway,20%,79%,
SADNESS,Pakistan,40%,59%,
SADNESS,Panama,24%,76%,
SADNESS,Paraguay,20%,80%,
SADNESS,Peru,35%,65%,
SADNESS,Philippines,34%,65%,1%
SADNESS,Poland,10%,88%,1%
SADNESS,Portugal,30%,70%,
SADNESS,Republic of the Congo,44%,56%,
SADNESS,Romania,26%,73%,
SADNESS,Russian Federation,21%,79%,
SADNESS,Saudi Arabia,20%,80%,
SADNESS,Senegal,22%,78%,
SADNESS,Serbia,14%,86%,
SADNESS,Sierra Leone,39%,61%,
SADNESS,Singapore,14%,85%,
SADNESS,Slovakia,15%,84%,1%
SADNESS,Slovenia,18%,82%,
SADNESS,Somalia,27%,73%,
SADNESS,South Africa,25%,74%,1%
SADNESS,South Korea,17%,83%,
SADNESS,Spain,23%,77%,
SADNESS,Sri Lanka,39%,61%,
SADNESS,State of Palestine,28%,72%,
SADNESS,Sweden,17%,82%,1%
SADNESS,Switzerland,17%,83%,
SADNESS,"Taiwan, Province of China",6%,94%,
SADNESS,Tajikistan,19%,81%,
SADNESS,Tanzania,25%,75%,
SADNESS,Thailand,15%,84%,
SADNESS,Togo,27%,72%,
SADNESS,Tunisia,17%,83%,
SADNESS,Türkiye,26%,73%,1%
SADNESS,Uganda,36%,64%,
SADNESS,Ukraine,39%,60%,
SADNESS,United Arab Emirates,28%,72%,
SADNESS,United Kingdom of Great Britain and Northern Ireland,28%,71%,
SADNESS,United States of America,26%,74%,
SADNESS,Uruguay,25%,75%,
SADNESS,Uzbekistan,17%,83%,
SADNESS,Venezuela,29%,71%,
SADNESS,Vietnam,11%,89%,
SADNESS,Yemen,24%,76%,
SADNESS,Zambia,33%,66%,
SADNESS,Zimbabwe,18%,82%,
STRESS,Afghanistan,53%,46%,1%
STRESS,Albania,49%,50%,1%
STRESS,Argentina,42%,57%,1%
STRESS,Armenia,27%,72%,1%
STRESS,Australia,43%,57%,
STRESS,Austria,36%,64%,
STRESS,Azerbaijan,14%,86%,1%
STRESS,Bahrain,43%,57%,1%
STRESS,Bangladesh,38%,62%,
STRESS,Belgium,37%,63%,
STRESS,Benin,39%,60%,1%
STRESS,Bolivia,54%,45%,1%
STRESS,Bosnia and Herzegovina,27%,71%,1%
STRESS,Botswana,27%,72%,
STRESS,Brazil,43%,57%,
STRESS,Bulgaria,29%,70%,2%
STRESS,Burkina Faso,39%,61%,1%
STRESS,Cambodia,40%,60%,
STRESS,Cameroon,44%,55%,1%
STRESS,Canada,53%,47%,
STRESS,Chad,52%,48%,
STRESS,Chile,35%,64%,1%
STRESS,China,43%,57%,
STRESS,Colombia,42%,58%,
STRESS,Comoros,48%,52%,1%
STRESS,Costa Rica,45%,54%,1%
STRESS,Cote d'Ivoire,27%,72%,1%
STRESS,Croatia,27%,70%,2%
STRESS,Cyprus,54%,46%,
STRESS,Czech Republic,33%,67%,
STRESS,Democratic Republic of the Congo,39%,55%,5%
STRESS,Denmark,18%,82%,
STRESS,Dominican Republic,44%,55%,1%
STRESS,Ecuador,52%,47%,
STRESS,Egypt,58%,42%,
STRESS,El Salvador,50%,50%,
STRESS,Estonia,25%,75%,
STRESS,Eswatini,36%,64%,
STRESS,Ethiopia,32%,67%,1%
STRESS,Finland,33%,67%,
STRESS,France,33%,67%,
STRESS,Gabon,36%,64%,
STRESS,Gambia,31%,69%,
STRESS,Georgia,21%,79%,
STRESS,Germany,32%,68%,
STRESS,Ghana,51%,49%,
STRESS,Greece,58%,42%,
STRESS,Guatemala,43%,57%,1%
STRESS,Guinea,52%,48%,1%
STRESS,Honduras,41%,58%,
STRESS,"Hong Kong, S.A.R. of China",38%,62%,
STRESS,Hungary,32%,68%,
STRESS,Iceland,39%,61%,
STRESS,India,26%,74%,
STRESS,Indonesia,15%,85%,
STRESS,Iran,48%,52%,
STRESS,Iraq,50%,50%,
STRESS,Ireland,40%,60%,
STRESS,Israel,62%,36%,1%
STRESS,Italy,40%,60%,
STRESS,Japan,38%,62%,
STRESS,Jordan,53%,47%,
STRESS,Kazakhstan,14%,85%,1%
STRESS,Kenya,33%,67%,
STRESS,Kosovo,28%,71%,1%
STRESS,Kuwait,35%,65%,1%
STRESS,Kyrgyzstan,8%,92%,
STRESS,Lao People's Democratic Republic,27%,71%,2%
STRESS,Latvia,34%,66%,
STRESS,Lebanon,58%,42%,
STRESS,Liberia,52%,48%,
STRESS,Libya,42%,58%,
STRESS,Lithuania,22%,76%,2%
STRESS,Luxembourg,42%,58%,
STRESS,Madagascar,50%,50%,
STRESS,Malawi,30%,70%,
STRESS,Malaysia,18%,82%,
STRESS,Mali,26%,74%,
STRESS,Malta,55%,45%,
STRESS,Mauritania,37%,63%,
STRESS,Mauritius,25%,75%,
STRESS,Mexico,39%,61%,
STRESS,"Moldova, Republic of",22%,75%,3%
STRESS,Mongolia,14%,86%,
STRESS,Montenegro,24%,75%,1%
STRESS,Morocco,49%,50%,1%
STRESS,Mozambique,30%,70%,1%
STRESS,Myanmar,45%,55%,
STRESS,Namibia,26%,74%,
STRESS,Nepal,38%,62%,
STRESS,Netherlands (Kingdom of the),28%,72%,
STRESS,New Zealand,41%,59%,
STRESS,Nicaragua,46%,54%,
STRESS,Niger,48%,51%,
STRESS,Nigeria,59%,41%,
STRESS,North Macedonia,29%,71%,
STRESS,Northern Cyprus,65%,34%,1%
STRESS,Norway,37%,63%,
STRESS,Pakistan,33%,67%,1%
STRESS,Panama,38%,62%,
STRESS,Paraguay,35%,64%,1%
STRESS,Peru,50%,49%,1%
STRESS,Philippines,53%,47%,
STRESS,Poland,22%,77%,1%
STRESS,Portugal,41%,59%,
STRESS,Republic of the Congo,36%,63%,1%
STRESS,Romania,36%,63%,1%
STRESS,Russian Federation,20%,80%,
STRESS,Saudi Arabia,30%,70%,
STRESS,Senegal,46%,54%,
STRESS,Serbia,25%,74%,1%
STRESS,Sierra Leone,54%,45%,1%
STRESS,Singapore,34%,66%,
STRESS,Slovakia,32%,67%,1%
STRESS,Slovenia,36%,64%,
STRESS,Somalia,14%,86%,1%
STRESS,South Africa,36%,64%,
STRESS,South Korea,39%,61%,
STRESS,Spain,38%,62%,
STRESS,Sri Lanka,55%,45%,
STRESS,State of Palestine,46%,54%,
STRESS,Sweden,31%,69%,
STRESS,Switzerland,28%,72%,
STRESS,"Taiwan, Province of China",33%,67%,
STRESS,Tajikistan,29%,71%,
STRESS,Tanzania,58%,42%,
STRESS,Thailand,27%,72%,1%
STRESS,Togo,34%,65%,1%
STRESS,Tunisia,47%,53%,
STRESS,Türkiye,58%,41%,1%
STRESS,Uganda,49%,50%,
STRESS,Ukraine,32%,68%,
STRESS,United Arab Emirates,36%,64%,
STRESS,United Kingdom of Great Britain and Northern Ireland,38%,62%,
STRESS,United States of America,51%,49%,
STRESS,Uruguay,43%,56%,1%
STRESS,Uzbekistan,13%,87%,
STRESS,Venezuela,45%,55%,
STRESS,Vietnam,14%,86%,
STRESS,Yemen,36%,64%,
STRESS,Zambia,42%,57%,1%
STRESS,Zimbabwe,28%,72%,
WORRY,Afghanistan,67%,33%,
WORRY,Albania,40%,60%,
WORRY,Argentina,47%,53%,
WORRY,Armenia,48%,52%,
WORRY,Australia,37%,63%,
WORRY,Austria,35%,65%,
WORRY,Azerbaijan,25%,75%,
WORRY,Bahrain,42%,58%,
WORRY,Bangladesh,57%,43%,
WORRY,Belgium,39%,60%,
WORRY,Benin,57%,43%,
WORRY,Bolivia,55%,45%,
WORRY,Bosnia and Herzegovina,37%,63%,1%
WORRY,Botswana,33%,67%,
WORRY,Brazil,51%,49%,
WORRY,Bulgaria,28%,71%,1%
WORRY,Burkina Faso,52%,48%,1%
WORRY,Cambodia,54%,46%,
WORRY,Cameroon,48%,52%,
WORRY,Canada,46%,54%,
WORRY,Chad,53%,46%,1%
WORRY,Chile,43%,57%,
WORRY,China,29%,71%,
WORRY,Colombia,45%,55%,
WORRY,Comoros,52%,46%,2%
WORRY,Costa Rica,43%,57%,
WORRY,Cote d'Ivoire,44%,56%,
WORRY,Croatia,45%,54%,1%
WORRY,Cyprus,48%,52%,
WORRY,Czech Republic,33%,67%,
WORRY,Democratic Republic of the Congo,60%,40%,
WORRY,Denmark,36%,64%,
WORRY,Dominican Republic,39%,61%,
WORRY,Ecuador,52%,47%,1%
WORRY,Egypt,52%,48%,
WORRY,El Salvador,46%,54%,
WORRY,Estonia,31%,68%,
WORRY,Eswatini,40%,60%,
WORRY,Ethiopia,38%,62%,
WORRY,Finland,31%,69%,
WORRY,France,32%,68%,
WORRY,Gabon,54%,46%,
WORRY,Gambia,42%,57%,
WORRY,Georgia,27%,73%,
WORRY,Germany,31%,69%,
WORRY,Ghana,36%,64%,
WORRY,Greece,46%,54%,
WORRY,Guatemala,43%,57%,
WORRY,Guinea,65%,35%,
WORRY,Honduras,44%,56%,
WORRY,"Hong Kong, S.A.R. of China",31%,69%,
WORRY,Hungary,29%,71%,
WORRY,Iceland,30%,70%,
WORRY,India,47%,53%,
WORRY,Indonesia,39%,61%,
WORRY,Iran,56%,44%,
WORRY,Iraq,55%,45%,
WORRY,Ireland,32%,68%,
WORRY,Israel,67%,33%,1%
WORRY,Italy,48%,52%,
WORRY,Japan,28%,72%,
WORRY,Jordan,52%,48%,
WORRY,Kazakhstan,12%,87%,1%
WORRY,Kenya,32%,68%,
WORRY,Kosovo,22%,77%,1%
WORRY,Kuwait,32%,68%,
WORRY,Kyrgyzstan,23%,76%,1%
WORRY,Lao People's Democratic Republic,40%,60%,1%
WORRY,Latvia,37%,62%,1%
WORRY,Lebanon,48%,52%,
WORRY,Liberia,56%,44%,
WORRY,Libya,41%,59%,
WORRY,Lithuania,28%,69%,4%
WORRY,Luxembourg,30%,69%,
WORRY,Madagascar,45%,54%,1%
WORRY,Malawi,44%,56%,
WORRY,Malaysia,22%,78%,
WORRY,Mali,45%,55%,
WORRY,Malta,63%,37%,
WORRY,Mauritania,43%,56%,
WORRY,Mauritius,23%,77%,1%
WORRY,Mexico,38%,62%,
WORRY,"Moldova, Republic of",38%,61%,1%
WORRY,Mongolia,32%,68%,
WORRY,Montenegro,49%,51%,
WORRY,Morocco,50%,50%,
WORRY,Mozambique,51%,48%,1%
WORRY,Myanmar,47%,53%,
WORRY,Namibia,27%,73%,
WORRY,Nepal,46%,54%,
WORRY,Netherlands (Kingdom of the),35%,64%,1%
WORRY,New Zealand,35%,65%,
WORRY,Nicaragua,50%,50%,
WORRY,Niger,56%,44%,
WORRY,Nigeria,38%,61%,1%
WORRY,North Macedonia,37%,62%,
WORRY,Northern Cyprus,42%,56%,2%
WORRY,Norway,38%,62%,
WORRY,Pakistan,49%,51%,
WORRY,Panama,40%,59%,
WORRY,Paraguay,40%,60%,
WORRY,Peru,53%,47%,
WORRY,Philippines,34%,65%,1%
WORRY,Poland,24%,75%,1%
WORRY,Portugal,55%,45%,
WORRY,Republic of the Congo,51%,49%,
WORRY,Romania,37%,62%,1%
WORRY,Russian Federation,26%,74%,
WORRY,Saudi Arabia,27%,73%,
WORRY,Senegal,39%,61%,
WORRY,Serbia,34%,65%,1%
WORRY,Sierra Leone,57%,43%,
WORRY,Singapore,30%,70%,
WORRY,Slovakia,36%,63%,1%
WORRY,Slovenia,46%,54%,
WORRY,Somalia,30%,70%,
WORRY,South Africa,35%,65%,1%
WORRY,South Korea,39%,61%,
WORRY,Spain,51%,49%,
WORRY,Sri Lanka,37%,62%,1%
WORRY,State of Palestine,46%,54%,
WORRY,Sweden,30%,70%,
WORRY,Switzerland,27%,73%,
WORRY,"Taiwan, Province of China",17%,83%,
WORRY,Tajikistan,30%,70%,
WORRY,Tanzania,23%,77%,
WORRY,Thailand,34%,66%,
WORRY,Togo,55%,45%,
WORRY,Tunisia,53%,47%,
WORRY,Türkiye,44%,55%,1%
WORRY,Uganda,48%,52%,1%
WORRY,Ukraine,53%,46%,1%
WORRY,United Arab Emirates,32%,68%,
WORRY,United Kingdom of Great Britain and Northern Ireland,37%,63%,
WORRY,United States of America,41%,59%,
WORRY,Uruguay,46%,54%,1%
WORRY,Uzbekistan,21%,79%,
WORRY,Venezuela,47%,53%,
WORRY,Vietnam,20%,79%,
WORRY,Yemen,50%,50%,
WORRY,Zambia,52%,47%,
WORRY,Zimbabwe,26%,74%,
PAIN,Afghanistan,42%,58%,
PAIN,Albania,46%,53%,
PAIN,Argentina,41%,59%,
PAIN,Armenia,38%,62%,
PAIN,Australia,32%,68%,
PAIN,Austria,28%,72%,
PAIN,Azerbaijan,27%,73%,
PAIN,Bahrain,35%,64%,
PAIN,Bangladesh,47%,53%,
PAIN,Belgium,35%,65%,
PAIN,Benin,56%,44%,
PAIN,Bolivia,38%,62%,
PAIN,Bosnia and Herzegovina,29%,71%,1%
PAIN,Botswana,38%,62%,
PAIN,Brazil,38%,62%,
PAIN,Bulgaria,28%,71%,
PAIN,Burkina Faso,41%,59%,
PAIN,Cambodia,31%,69%,
PAIN,Cameroon,43%,57%,
PAIN,Canada,34%,66%,
PAIN,Chad,65%,35%,
PAIN,Chile,39%,61%,
PAIN,China,13%,87%,
PAIN,Colombia,34%,66%,
PAIN,Comoros,59%,41%,1%
PAIN,Costa Rica,38%,62%,
PAIN,Cote d'Ivoire,51%,49%,
PAIN,Croatia,24%,75%,2%
PAIN,Cyprus,32%,68%,
PAIN,Czech Republic,30%,70%,
PAIN,Democratic Republic of the Congo,56%,43%,
PAIN,Denmark,29%,71%,
PAIN,Dominican Republic,36%,64%,
PAIN,Ecuador,39%,61%,
PAIN,Egypt,54%,46%,
PAIN,El Salvador,38%,62%,
PAIN,Estonia,21%,79%,
PAIN,Eswatini,33%,66%,
PAIN,Ethiopia,32%,68%,
PAIN,Finland,24%,76%,
PAIN,France,34%,66%,
PAIN,Gabon,48%,52%,
PAIN,Gambia,55%,45%,
PAIN,Georgia,29%,71%,
PAIN,Germany,27%,73%,
PAIN,Ghana,34%,66%,
PAIN,Greece,34%,66%,
PAIN,Guatemala,35%,64%,
PAIN,Guinea,59%,41%,
PAIN,Honduras,35%,65%,
PAIN,"Hong Kong, S.A.R. of China",16%,84%,
PAIN,Hungary,29%,71%,
PAIN,Iceland,40%,60%,
PAIN,India,39%,61%,
PAIN,Indonesia,21%,78%,
PAIN,Iran,33%,67%,
PAIN,Iraq,57%,43%,
PAIN,Ireland,26%,74%,
PAIN,Israel,20%,79%,1%
PAIN,Italy,34%,66%,
PAIN,Japan,20%,80%,
PAIN,Jordan,54%,46%,
PAIN,Kazakhstan,21%,77%,1%
PAIN,Kenya,31%,69%,
PAIN,Kosovo,28%,71%,1%
PAIN,Kuwait,26%,74%,
PAIN,Kyrgyzstan,17%,82%,
PAIN,Lao People's Democratic Republic,47%,53%,
PAIN,Latvia,27%,73%,
PAIN,Lebanon,43%,57%,
PAIN,Liberia,54%,46%,
PAIN,Libya,42%,58%,
PAIN,Lithuania,26%,73%,1%
PAIN,Luxembourg,28%,71%,
PAIN,Madagascar,47%,53%,1%
PAIN,Malawi,43%,57%,
PAIN,Malaysia,20%,80%,
PAIN,Mali,33%,67%,
PAIN,Malta,36%,64%,
PAIN,Mauritania,52%,48%,
PAIN,Mauritius,33%,67%,
PAIN,Mexico,30%,70%,
PAIN,"Moldova, Republic of",39%,61%,
PAIN,Mongolia,21%,79%,
PAIN,Montenegro,36%,64%,
PAIN,Morocco,45%,54%,
PAIN,Mozambique,35%,64%,1%
PAIN,Myanmar,45%,55%,
PAIN,Namibia,28%,71%,
PAIN,Nepal,45%,55%,1%
PAIN,Netherlands (Kingdom of the),29%,71%,
PAIN,New Zealand,32%,68%,
PAIN,Nicaragua,38%,62%,
PAIN,Niger,51%,49%,
PAIN,Nigeria,27%,73%,
PAIN,North Macedonia,32%,68%,
PAIN,Northern Cyprus,26%,72%,2%
PAIN,Norway,27%,73%,
PAIN,Pakistan,49%,51%,
PAIN,Panama,27%,73%,
PAIN,Paraguay,28%,71%,
PAIN,Peru,38%,62%,
PAIN,Philippines,24%,75%,
PAIN,Poland,15%,85%,
PAIN,Portugal,41%,59%,
PAIN,Republic of the Congo,47%,53%,
PAIN,Romania,41%,59%,
PAIN,Russian Federation,21%,79%,
PAIN,Saudi Arabia,32%,68%,
PAIN,Senegal,46%,54%,
PAIN,Serbia,25%,75%,
PAIN,Sierra Leone,70%,30%,
PAIN,Singapore,19%,81%,
PAIN,Slovakia,26%,74%,
PAIN,Slovenia,27%,73%,
PAIN,Somalia,30%,69%,1%
PAIN,South Africa,28%,72%,
PAIN,South Korea,27%,73%,
PAIN,Spain,34%,66%,
PAIN,Sri Lanka,44%,56%,
PAIN,State of Palestine,45%,55%,
PAIN,Sweden,22%,78%,
PAIN,Switzerland,29%,71%,
PAIN,"Taiwan, Province of China",18%,82%,
PAIN,Tajikistan,31%,69%,
PAIN,Tanzania,42%,58%,
PAIN,Thailand,36%,64%,
PAIN,Togo,53%,47%,
PAIN,Tunisia,47%,53%,
PAIN,Türkiye,23%,75%,1%
PAIN,Uganda,47%,53%,
PAIN,Ukraine,35%,65%,
PAIN,United Arab Emirates,33%,67%,
PAIN,United Kingdom of Great Britain and Northern Ireland,27%,73%,
PAIN,United States of America,34%,65%,1%
PAIN,Uruguay,34%,65%,
PAIN,Uzbekistan,24%,76%,
PAIN,Venezuela,37%,63%,
PAIN,Vietnam,7%,93%,
PAIN,Yemen,42%,58%,
PAIN,Zambia,47%,53%,
PAIN,Zimbabwe,26%,74%,
ENJOYMENT,Afghanistan,33%,66%,1%
ENJOYMENT,Albania,68%,31%,1%
ENJOYMENT,Argentina,79%,20%,1%
ENJOYMENT,Armenia,60%,39%,1%
ENJOYMENT,Australia,79%,21%,
ENJOYMENT,Austria,79%,21%,
ENJOYMENT,Azerbaijan,50%,48%,1%
ENJOYMENT,Bahrain,67%,33%,1%
ENJOYMENT,Bangladesh,58%,42%,
ENJOYMENT,Belgium,77%,23%,
ENJOYMENT,Benin,48%,51%,
ENJOYMENT,Bolivia,77%,22%,1%
ENJOYMENT,Bosnia and Herzegovina,66%,33%,2%
ENJOYMENT,Botswana,64%,35%,
ENJOYMENT,Brazil,72%,27%,1%
ENJOYMENT,Bulgaria,62%,35%,3%
ENJOYMENT,Burkina Faso,68%,32%,1%
ENJOYMENT,Cambodia,79%,21%,
ENJOYMENT,Cameroon,54%,46%,1%
ENJOYMENT,Canada,80%,20%,
ENJOYMENT,Chad,53%,47%,
ENJOYMENT,Chile,85%,15%,
ENJOYMENT,China,84%,16%,
ENJOYMENT,Colombia,78%,21%,1%
ENJOYMENT,Comoros,64%,35%,1%
ENJOYMENT,Costa Rica,86%,14%,
ENJOYMENT,Cote d'Ivoire,65%,35%,
ENJOYMENT,Croatia,55%,40%,5%
ENJOYMENT,Cyprus,73%,26%,
ENJOYMENT,Czech Republic,84%,16%,
ENJOYMENT,Democratic Republic of the Congo,52%,48%,
ENJOYMENT,Denmark,86%,14%,
ENJOYMENT,Dominican Republic,70%,30%,
ENJOYMENT,Ecuador,79%,20%,1%
ENJOYMENT,Egypt,44%,56%,
ENJOYMENT,El Salvador,81%,18%,1%
ENJOYMENT,Estonia,84%,15%,1%
ENJOYMENT,Eswatini,74%,25%,
ENJOYMENT,Ethiopia,63%,37%,
ENJOYMENT,Finland,72%,28%,
ENJOYMENT,France,75%,25%,
ENJOYMENT,Gabon,55%,45%,
ENJOYMENT,Gambia,72%,27%,1%
ENJOYMENT,Georgia,64%,35%,1%
ENJOYMENT,Germany,77%,23%,
ENJOYMENT,Ghana,47%,53%,
ENJOYMENT,Greece,66%,34%,
ENJOYMENT,Guatemala,88%,12%,
ENJOYMENT,Guinea,63%,37%,
ENJOYMENT,Honduras,77%,22%,2%
ENJOYMENT,"Hong Kong, S.A.R. of China",59%,40%,
ENJOYMENT,Hungary,78%,21%,1%
ENJOYMENT,Iceland,87%,13%,1%
ENJOYMENT,India,77%,22%,1%
ENJOYMENT,Indonesia,85%,15%,
ENJOYMENT,Iran,59%,40%,
ENJOYMENT,Iraq,63%,37%,
ENJOYMENT,Ireland,85%,15%,
ENJOYMENT,Israel,54%,45%,2%
ENJOYMENT,Italy,68%,32%,
ENJOYMENT,Japan,64%,35%,1%
ENJOYMENT,Jordan,56%,43%,
ENJOYMENT,Kazakhstan,75%,20%,5%
ENJOYMENT,Kenya,73%,26%,
ENJOYMENT,Kosovo,83%,15%,2%
ENJOYMENT,Kuwait,76%,24%,
ENJOYMENT,Kyrgyzstan,81%,17%,2%
ENJOYMENT,Lao People's Democratic Republic,79%,20%,1%
ENJOYMENT,Latvia,75%,23%,1%
ENJOYMENT,Lebanon,40%,60%,1%
ENJOYMENT,Liberia,41%,59%,
ENJOYMENT,Libya,60%,40%,
ENJOYMENT,Lithuania,51%,43%,6%
ENJOYMENT,Luxembourg,82%,17%,
ENJOYMENT,Madagascar,66%,34%,1%
ENJOYMENT,Malawi,44%,56%,
ENJOYMENT,Malaysia,88%,11%,1%
ENJOYMENT,Mali,77%,23%,
ENJOYMENT,Malta,60%,40%,
ENJOYMENT,Mauritania,70%,30%,
ENJOYMENT,Mauritius,65%,33%,2%
ENJOYMENT,Mexico,86%,14%,
ENJOYMENT,"Moldova, Republic of",62%,38%,1%
ENJOYMENT,Mongolia,70%,29%,1%
ENJOYMENT,Montenegro,54%,45%,
ENJOYMENT,Morocco,48%,49%,3%
ENJOYMENT,Mozambique,53%,45%,2%
ENJOYMENT,Myanmar,71%,28%,1%
ENJOYMENT,Namibia,48%,52%,
ENJOYMENT,Nepal,62%,37%,
ENJOYMENT,Netherlands (Kingdom of the),83%,17%,
ENJOYMENT,New Zealand,80%,20%,
ENJOYMENT,Nicaragua,75%,25%,1%
ENJOYMENT,Niger,72%,28%,
ENJOYMENT,Nigeria,60%,40%,
ENJOYMENT,North Macedonia,65%,33%,1%
ENJOYMENT,Northern Cyprus,39%,58%,3%
ENJOYMENT,Norway,84%,16%,
ENJOYMENT,Pakistan,56%,44%,
ENJOYMENT,Panama,87%,13%,
ENJOYMENT,Paraguay,88%,10%,1%
ENJOYMENT,Peru,79%,21%,
ENJOYMENT,Philippines,80%,19%,1%
ENJOYMENT,Poland,67%,30%,3%
ENJOYMENT,Portugal,63%,36%,
ENJOYMENT,Republic of the Congo,59%,40%,1%
ENJOYMENT,Romania,71%,28%,1%
ENJOYMENT,Russian Federation,63%,37%,
ENJOYMENT,Saudi Arabia,76%,24%,
ENJOYMENT,Senegal,78%,22%,
ENJOYMENT,Serbia,62%,36%,2%
ENJOYMENT,Sierra Leone,33%,66%,1%
ENJOYMENT,Singapore,72%,26%,2%
ENJOYMENT,Slovakia,76%,22%,2%
ENJOYMENT,Slovenia,60%,40%,
ENJOYMENT,Somalia,83%,15%,2%
ENJOYMENT,South Africa,77%,22%,1%
ENJOYMENT,South Korea,68%,32%,
ENJOYMENT,Spain,60%,40%,
ENJOYMENT,Sri Lanka,65%,35%,
ENJOYMENT,State of Palestine,63%,36%,1%
ENJOYMENT,Sweden,80%,20%,
ENJOYMENT,Switzerland,80%,20%,
ENJOYMENT,"Taiwan, Province of China",84%,15%,1%
ENJOYMENT,Tajikistan,65%,33%,2%
ENJOYMENT,Tanzania,72%,28%,
ENJOYMENT,Thailand,81%,18%,1%
ENJOYMENT,Togo,52%,47%,
ENJOYMENT,Tunisia,43%,57%,1%
ENJOYMENT,Türkiye,42%,55%,2%
ENJOYMENT,Uganda,71%,29%,
ENJOYMENT,Ukraine,54%,45%,1%
ENJOYMENT,United Arab Emirates,70%,30%,
ENJOYMENT,United Kingdom of Great Britain and Northern Ireland,81%,19%,
ENJOYMENT,United States of America,78%,22%,
ENJOYMENT,Uruguay,83%,17%,
ENJOYMENT,Uzbekistan,86%,13%,1%
ENJOYMENT,Venezuela,74%,26%,
ENJOYMENT,Vietnam,71%,29%,
ENJOYMENT,Yemen,51%,47%,2%
ENJOYMENT,Zambia,68%,31%,1%
ENJOYMENT,Zimbabwe,58%,42%,
WELL-RESTED,Afghanistan,46%,54%,
WELL-RESTED,Albania,65%,34%,1%
WELL-RESTED,Argentina,70%,30%,
WELL-RESTED,Armenia,50%,50%,
WELL-RESTED,Australia,66%,34%,
WELL-RESTED,Austria,77%,23%,
WELL-RESTED,Azerbaijan,57%,43%,
WELL-RESTED,Bahrain,73%,27%,
WELL-RESTED,Bangladesh,65%,35%,
WELL-RESTED,Belgium,64%,36%,
WELL-RESTED,Benin,57%,43%,
WELL-RESTED,Bolivia,70%,28%,2%
WELL-RESTED,Bosnia and Herzegovina,58%,40%,2%
WELL-RESTED,Botswana,70%,30%,
WELL-RESTED,Brazil,64%,36%,
WELL-RESTED,Bulgaria,63%,36%,1%
WELL-RESTED,Burkina Faso,64%,36%,
WELL-RESTED,Cambodia,69%,31%,
WELL-RESTED,Cameroon,63%,37%,
WELL-RESTED,Canada,65%,35%,
WELL-RESTED,Chad,61%,39%,
WELL-RESTED,Chile,76%,24%,
WELL-RESTED,China,78%,22%,
WELL-RESTED,Colombia,76%,24%,
WELL-RESTED,Comoros,54%,45%,1%
WELL-RESTED,Costa Rica,75%,24%,
WELL-RESTED,Cote d'Ivoire,68%,32%,
WELL-RESTED,Croatia,68%,30%,2%
WELL-RESTED,Cyprus,56%,43%,
WELL-RESTED,Czech Republic,60%,39%,1%
WELL-RESTED,Democratic Republic of the Congo,60%,40%,
WELL-RESTED,Denmark,70%,30%,
WELL-RESTED,Dominican Republic,73%,26%,
WELL-RESTED,Ecuador,73%,26%,1%
WELL-RESTED,Egypt,50%,50%,
WELL-RESTED,El Salvador,76%,24%,
WELL-RESTED,Estonia,69%,30%,1%
WELL-RESTED,Eswatini,65%,34%,1%
WELL-RESTED,Ethiopia,52%,48%,
WELL-RESTED,Finland,67%,32%,
WELL-RESTED,France,70%,30%,
WELL-RESTED,Gabon,71%,29%,
WELL-RESTED,Gambia,71%,28%,
WELL-RESTED,Georgia,56%,44%,
WELL-RESTED,Germany,75%,25%,
WELL-RESTED,Ghana,71%,29%,
WELL-RESTED,Greece,53%,47%,
WELL-RESTED,Guatemala,80%,20%,
WELL-RESTED,Guinea,64%,36%,
WELL-RESTED,Honduras,73%,26%,1%
WELL-RESTED,"Hong Kong, S.A.R. of China",73%,27%,
WELL-RESTED,Hungary,54%,45%,
WELL-RESTED,Iceland,55%,45%,
WELL-RESTED,India,70%,30%,1%
WELL-RESTED,Indonesia,83%,17%,
WELL-RESTED,Iran,68%,32%,
WELL-RESTED,Iraq,59%,41%,
WELL-RESTED,Ireland,75%,25%,
WELL-RESTED,Israel,59%,40%,1%
WELL-RESTED,Italy,64%,36%,
WELL-RESTED,Japan,79%,21%,
WELL-RESTED,Jordan,53%,47%,
WELL-RESTED,Kazakhstan,72%,27%,1%
WELL-RESTED,Kenya,69%,31%,
WELL-RESTED,Kosovo,65%,34%,1%
WELL-RESTED,Kuwait,85%,15%,
WELL-RESTED,Kyrgyzstan,78%,21%,1%
WELL-RESTED,Lao People's Democratic Republic,69%,31%,
WELL-RESTED,Latvia,63%,34%,2%
WELL-RESTED,Lebanon,51%,48%,1%
WELL-RESTED,Liberia,60%,40%,
WELL-RESTED,Libya,65%,35%,
WELL-RESTED,Lithuania,64%,32%,4%
WELL-RESTED,Luxembourg,69%,31%,
WELL-RESTED,Madagascar,68%,32%,
WELL-RESTED,Malawi,68%,32%,
WELL-RESTED,Malaysia,90%,10%,
WELL-RESTED,Mali,71%,29%,
WELL-RESTED,Malta,73%,27%,
WELL-RESTED,Mauritania,69%,31%,
WELL-RESTED,Mauritius,63%,36%,1%
WELL-RESTED,Mexico,82%,18%,
WELL-RESTED,"Moldova, Republic of",69%,30%,1%
WELL-RESTED,Mongolia,85%,15%,
WELL-RESTED,Montenegro,54%,45%,1%
WELL-RESTED,Morocco,62%,37%,
WELL-RESTED,Mozambique,70%,29%,1%
WELL-RESTED,Myanmar,66%,33%,
WELL-RESTED,Namibia,78%,22%,
WELL-RESTED,Nepal,68%,32%,
WELL-RESTED,Netherlands (Kingdom of the),72%,28%,
WELL-RESTED,New Zealand,70%,30%,
WELL-RESTED,Nicaragua,75%,24%,1%
WELL-RESTED,Niger,65%,35%,
WELL-RESTED,Nigeria,64%,36%,
WELL-RESTED,North Macedonia,56%,44%,1%
WELL-RESTED,Northern Cyprus,50%,50%,1%
WELL-RESTED,Norway,64%,36%,
WELL-RESTED,Pakistan,57%,43%,
WELL-RESTED,Panama,84%,16%,
WELL-RESTED,Paraguay,85%,15%,
WELL-RESTED,Peru,71%,28%,
WELL-RESTED,Philippines,74%,26%,
WELL-RESTED,Poland,66%,34%,1%
WELL-RESTED,Portugal,69%,31%,
WELL-RESTED,Republic of the Congo,70%,30%,
WELL-RESTED,Romania,58%,41%,1%
WELL-RESTED,Russian Federation,59%,41%,
WELL-RESTED,Saudi Arabia,84%,16%,1%
WELL-RESTED,Senegal,70%,30%,
WELL-RESTED,Serbia,56%,44%,
WELL-RESTED,Sierra Leone,56%,43%,
WELL-RESTED,Singapore,75%,25%,
WELL-RESTED,Slovakia,69%,30%,1%
WELL-RESTED,Slovenia,71%,29%,1%
WELL-RESTED,Somalia,73%,27%,1%
WELL-RESTED,South Africa,76%,23%,1%
WELL-RESTED,South Korea,80%,20%,
WELL-RESTED,Spain,74%,25%,
WELL-RESTED,Sri Lanka,56%,44%,
WELL-RESTED,State of Palestine,61%,39%,
WELL-RESTED,Sweden,63%,37%,
WELL-RESTED,Switzerland,75%,25%,
WELL-RESTED,"Taiwan, Province of China",75%,24%,1%
WELL-RESTED,Tajikistan,85%,15%,1%
WELL-RESTED,Tanzania,73%,27%,
WELL-RESTED,Thailand,78%,22%,
WELL-RESTED,Togo,57%,43%,
WELL-RESTED,Tunisia,54%,46%,
WELL-RESTED,Türkiye,56%,43%,1%
WELL-RESTED,Uganda,73%,27%,
WELL-RESTED,Ukraine,44%,56%,1%
WELL-RESTED,United Arab Emirates,77%,22%,
WELL-RESTED,United Kingdom of Great Britain and Northern Ireland,73%,27%,
WELL-RESTED,United States of America,67%,33%,
WELL-RESTED,Uruguay,71%,29%,1%
WELL-RESTED,Uzbekistan,84%,15%,
WELL-RESTED,Venezuela,76%,23%,
WELL-RESTED,Vietnam,92%,8%,
WELL-RESTED,Yemen,53%,47%,
WELL-RESTED,Zambia,67%,33%,
WELL-RESTED,Zimbabwe,62%,38%,
LEARNED,Afghanistan,17%,81%,2%
LEARNED,Albania,35%,65%,1%
LEARNED,Argentina,54%,45%,
LEARNED,Armenia,42%,57%,1%
LEARNED,Australia,63%,36%,
LEARNED,Austria,62%,37%,
LEARNED,Azerbaijan,40%,59%,1%
LEARNED,Bahrain,54%,45%,1%
LEARNED,Bangladesh,17%,83%,
LEARNED,Belgium,61%,39%,1%
LEARNED,Benin,56%,44%,
LEARNED,Bolivia,64%,35%,1%
LEARNED,Bosnia and Herzegovina,46%,54%,1%
LEARNED,Botswana,56%,43%,
LEARNED,Brazil,58%,42%,1%
LEARNED,Bulgaria,37%,61%,2%
LEARNED,Burkina Faso,52%,47%,1%
LEARNED,Cambodia,45%,55%,
LEARNED,Cameroon,53%,47%,
LEARNED,Canada,62%,38%,
LEARNED,Chad,49%,50%,
LEARNED,Chile,65%,35%,
LEARNED,China,59%,41%,
LEARNED,Colombia,63%,36%,1%
LEARNED,Comoros,30%,64%,6%
LEARNED,Costa Rica,69%,31%,
LEARNED,Cote d'Ivoire,60%,39%,
LEARNED,Croatia,48%,49%,3%
LEARNED,Cyprus,52%,48%,
LEARNED,Czech Republic,58%,40%,1%
LEARNED,Democratic Republic of the Congo,49%,50%,
LEARNED,Denmark,65%,35%,
LEARNED,Dominican Republic,64%,35%,1%
LEARNED,Ecuador,66%,34%,1%
LEARNED,Egypt,26%,74%,
LEARNED,El Salvador,73%,26%,1%
LEARNED,Estonia,67%,32%,1%
LEARNED,Eswatini,53%,46%,1%
LEARNED,Ethiopia,33%,66%,2%
LEARNED,Finland,69%,30%,
LEARNED,France,61%,39%,
LEARNED,Gabon,59%,41%,
LEARNED,Gambia,59%,39%,2%
LEARNED,Georgia,33%,66%,
LEARNED,Germany,62%,38%,
LEARNED,Ghana,56%,43%,1%
LEARNED,Greece,48%,52%,
LEARNED,Guatemala,75%,25%,1%
LEARNED,Guinea,63%,37%,
LEARNED,Honduras,65%,35%,1%
LEARNED,"Hong Kong, S.A.R. of China",36%,64%,
LEARNED,Hungary,52%,48%,
LEARNED,Iceland,68%,32%,
LEARNED,India,52%,46%,2%
LEARNED,Indonesia,69%,31%,
LEARNED,Iran,36%,63%,
LEARNED,Iraq,47%,53%,
LEARNED,Ireland,62%,38%,
LEARNED,Israel,48%,50%,1%
LEARNED,Italy,50%,50%,
LEARNED,Japan,54%,46%,
LEARNED,Jordan,37%,63%,
LEARNED,Kazakhstan,43%,53%,4%
LEARNED,Kenya,73%,27%,
LEARNED,Kosovo,35%,62%,4%
LEARNED,Kuwait,62%,37%,
LEARNED,Kyrgyzstan,38%,61%,1%
LEARNED,Lao People's Democratic Republic,36%,62%,2%
LEARNED,Latvia,59%,41%,1%
LEARNED,Lebanon,28%,72%,
LEARNED,Liberia,67%,33%,
LEARNED,Libya,50%,50%,
LEARNED,Lithuania,38%,58%,4%
LEARNED,Luxembourg,65%,35%,
LEARNED,Madagascar,67%,33%,
LEARNED,Malawi,50%,50%,
LEARNED,Malaysia,53%,46%,1%
LEARNED,Mali,41%,58%,
LEARNED,Malta,57%,43%,
LEARNED,Mauritania,63%,37%,
LEARNED,Mauritius,52%,47%,1%
LEARNED,Mexico,69%,31%,
LEARNED,"Moldova, Republic of",56%,42%,2%
LEARNED,Mongolia,27%,73%,
LEARNED,Montenegro,38%,61%,2%
LEARNED,Morocco,44%,55%,1%
LEARNED,Mozambique,62%,37%,
LEARNED,Myanmar,42%,57%,1%
LEARNED,Namibia,60%,40%,
LEARNED,Nepal,28%,72%,
LEARNED,Netherlands (Kingdom of the),47%,52%,
LEARNED,New Zealand,64%,36%,
LEARNED,Nicaragua,71%,29%,1%
LEARNED,Niger,66%,34%,
LEARNED,Nigeria,72%,28%,
LEARNED,North Macedonia,32%,66%,1%
LEARNED,Northern Cyprus,19%,79%,2%
LEARNED,Norway,70%,30%,
LEARNED,Pakistan,30%,70%,
LEARNED,Panama,72%,27%,1%
LEARNED,Paraguay,71%,28%,
LEARNED,Peru,68%,32%,
LEARNED,Philippines,75%,25%,
LEARNED,Poland,31%,66%,3%
LEARNED,Portugal,57%,42%,
LEARNED,Republic of the Congo,50%,48%,2%
LEARNED,Romania,46%,53%,
LEARNED,Russian Federation,56%,44%,
LEARNED,Saudi Arabia,63%,36%,
LEARNED,Senegal,79%,21%,
LEARNED,Serbia,43%,55%,3%
LEARNED,Sierra Leone,50%,48%,2%
LEARNED,Singapore,51%,48%,1%
LEARNED,Slovakia,48%,50%,2%
LEARNED,Slovenia,58%,42%,
LEARNED,Somalia,41%,58%,1%
LEARNED,South Africa,51%,47%,2%
LEARNED,South Korea,42%,58%,
LEARNED,Spain,63%,37%,
LEARNED,Sri Lanka,65%,34%,1%
LEARNED,State of Palestine,41%,59%,
LEARNED,Sweden,66%,34%,
LEARNED,Switzerland,70%,30%,
LEARNED,"Taiwan, Province of China",57%,42%,
LEARNED,Tajikistan,49%,49%,2%
LEARNED,Tanzania,58%,42%,
LEARNED,Thailand,75%,24%,1%
LEARNED,Togo,51%,48%,1%
LEARNED,Tunisia,26%,74%,
LEARNED,Türkiye,23%,75%,2%
LEARNED,Uganda,62%,36%,1%
LEARNED,Ukraine,43%,56%,1%
LEARNED,United Arab Emirates,58%,42%,
LEARNED,United Kingdom of Great Britain and Northern Ireland,62%,38%,
LEARNED,United States of America,60%,40%,1%
LEARNED,Uruguay,56%,43%,1%
LEARNED,Uzbekistan,56%,43%,1%
LEARNED,Venezuela,69%,31%,
LEARNED,Vietnam,53%,46%,
LEARNED,Yemen,31%,68%,1%
LEARNED,Zambia,47%,51%,2%
LEARNED,Zimbabwe,46%,54%,
SMILED,Afghanistan,28%,71%,1%
SMILED,Albania,74%,25%,1%
SMILED,Argentina,82%,18%,
SMILED,Armenia,68%,31%,1%
SMILED,Australia,76%,23%,
SMILED,Austria,72%,28%,
SMILED,Azerbaijan,60%,38%,2%
SMILED,Bahrain,79%,21%,1%
SMILED,Bangladesh,55%,44%,
SMILED,Belgium,79%,21%,
SMILED,Benin,68%,32%,
SMILED,Bolivia,80%,17%,2%
SMILED,Bosnia and Herzegovina,58%,39%,4%
SMILED,Botswana,76%,24%,
SMILED,Brazil,76%,23%,1%
SMILED,Bulgaria,58%,40%,2%
SMILED,Burkina Faso,71%,29%,
SMILED,Cambodia,81%,18%,
SMILED,Cameroon,69%,30%,
SMILED,Canada,75%,25%,
SMILED,Chad,59%,40%,
SMILED,Chile,83%,16%,1%
SMILED,China,70%,30%,
SMILED,Colombia,82%,17%,2%
SMILED,Comoros,63%,34%,2%
SMILED,Costa Rica,86%,13%,
SMILED,Cote d'Ivoire,76%,24%,
SMILED,Croatia,60%,27%,13%
SMILED,Cyprus,75%,22%,2%
SMILED,Czech Republic,80%,18%,2%
SMILED,Democratic Republic of the Congo,62%,37%,
SMILED,Denmark,76%,23%,
SMILED,Dominican Republic,83%,16%,1%
SMILED,Ecuador,82%,17%,
SMILED,Egypt,60%,40%,
SMILED,El Salvador,88%,11%,
SMILED,Estonia,75%,24%,2%
SMILED,Eswatini,81%,18%,1%
SMILED,Ethiopia,66%,34%,
SMILED,Finland,74%,26%,
SMILED,France,67%,33%,
SMILED,Gabon,72%,28%,
SMILED,Gambia,82%,17%,1%
SMILED,Georgia,64%,36%,1%
SMILED,Germany,73%,27%,
SMILED,Ghana,88%,12%,
SMILED,Greece,68%,32%,
SMILED,Guatemala,89%,10%,1%
SMILED,Guinea,69%,31%,
SMILED,Honduras,85%,13%,2%
SMILED,"Hong Kong, S.A.R. of China",60%,40%,
SMILED,Hungary,71%,29%,1%
SMILED,Iceland,82%,18%,1%
SMILED,India,77%,22%,1%
SMILED,Indonesia,90%,10%,
SMILED,Iran,63%,36%,1%
SMILED,Iraq,66%,34%,
SMILED,Ireland,75%,24%,
SMILED,Israel,41%,57%,2%
SMILED,Italy,73%,27%,
SMILED,Japan,71%,28%,
SMILED,Jordan,62%,38%,
SMILED,Kazakhstan,60%,33%,8%
SMILED,Kenya,80%,20%,
SMILED,Kosovo,81%,16%,3%
SMILED,Kuwait,80%,20%,
SMILED,Kyrgyzstan,81%,17%,2%
SMILED,Lao People's Democratic Republic,87%,12%,
SMILED,Latvia,62%,33%,5%
SMILED,Lebanon,44%,55%,1%
SMILED,Liberia,75%,25%,
SMILED,Libya,64%,35%,1%
SMILED,Lithuania,49%,45%,6%
SMILED,Luxembourg,77%,23%,
SMILED,Madagascar,82%,18%,
SMILED,Malawi,62%,37%,
SMILED,Malaysia,85%,14%,1%
SMILED,Mali,80%,20%,
SMILED,Malta,77%,23%,
SMILED,Mauritania,79%,21%,
SMILED,Mauritius,77%,21%,2%
SMILED,Mexico,88%,12%,
SMILED,"Moldova, Republic of",53%,45%,1%
SMILED,Mongolia,64%,34%,1%
SMILED,Montenegro,51%,48%,1%
SMILED,Morocco,69%,30%,1%
SMILED,Mozambique,69%,30%,1%
SMILED,Myanmar,76%,23%,1%
SMILED,Namibia,83%,17%,
SMILED,Nepal,47%,53%,
SMILED,Netherlands (Kingdom of the),78%,22%,
SMILED,New Zealand,77%,23%,
SMILED,Nicaragua,85%,15%,
SMILED,Niger,86%,14%,
SMILED,Nigeria,84%,16%,
SMILED,North Macedonia,55%,43%,2%
SMILED,Northern Cyprus,38%,59%,2%
SMILED,Norway,73%,27%,
SMILED,Pakistan,65%,35%,
SMILED,Panama,88%,11%,
SMILED,Paraguay,88%,11%,1%
SMILED,Peru,79%,19%,1%
SMILED,Philippines,85%,15%,
SMILED,Poland,63%,33%,4%
SMILED,Portugal,75%,24%,2%
SMILED,Republic of the Congo,65%,34%,1%
SMILED,Romania,69%,30%,1%
SMILED,Russian Federation,66%,33%,1%
SMILED,Saudi Arabia,81%,18%,
SMILED,Senegal,90%,10%,
SMILED,Serbia,48%,47%,4%
SMILED,Sierra Leone,66%,33%,1%
SMILED,Singapore,74%,24%,1%
SMILED,Slovakia,65%,33%,3%
SMILED,Slovenia,67%,33%,
SMILED,Somalia,83%,13%,3%
SMILED,South Africa,82%,17%,1%
SMILED,South Korea,70%,29%,1%
SMILED,Spain,73%,27%,
SMILED,Sri Lanka,82%,18%,
SMILED,State of Palestine,69%,31%,
SMILED,Sweden,76%,24%,
SMILED,Switzerland,74%,26%,
SMILED,"Taiwan, Province of China",80%,19%,1%
SMILED,Tajikistan,72%,25%,3%
SMILED,Tanzania,80%,20%,
SMILED,Thailand,83%,16%,
SMILED,Togo,59%,41%,
SMILED,Tunisia,69%,31%,
SMILED,Türkiye,37%,59%,4%
SMILED,Uganda,84%,16%,
SMILED,Ukraine,48%,50%,2%
SMILED,United Arab Emirates,69%,31%,
SMILED,United Kingdom of Great Britain and Northern Ireland,73%,27%,
SMILED,United States of America,73%,27%,
SMILED,Uruguay,85%,13%,1%
SMILED,Uzbekistan,80%,18%,2%
SMILED,Venezuela,84%,16%,
SMILED,Vietnam,88%,11%,
SMILED,Yemen,51%,49%,1%
SMILED,Zambia,79%,21%,
SMILED,Zimbabwe,79%,21%,
RESPECT,Afghanistan,67%,31%,2%
RESPECT,Albania,92%,7%,1%
RESPECT,Argentina,94%,5%,
RESPECT,Armenia,96%,3%,1%
RESPECT,Australia,91%,8%,1%
RESPECT,Austria,89%,10%,1%
RESPECT,Azerbaijan,86%,9%,5%
RESPECT,Bahrain,92%,8%,1%
RESPECT,Bangladesh,86%,14%,
RESPECT,Belgium,93%,6%,1%
RESPECT,Benin,80%,20%,
RESPECT,Bolivia,94%,5%,1%
RESPECT,Bosnia and Herzegovina,91%,6%,2%
RESPECT,Botswana,90%,10%,
RESPECT,Brazil,95%,5%,
RESPECT,Bulgaria,87%,9%,4%
RESPECT,Burkina Faso,74%,26%,
RESPECT,Cambodia,78%,21%,1%
RESPECT,Cameroon,80%,20%,
RESPECT,Canada,91%,9%,
RESPECT,Chad,64%,36%,
RESPECT,Chile,97%,3%,
RESPECT,China,82%,18%,
RESPECT,Colombia,98%,2%,
RESPECT,Comoros,73%,26%,1%
RESPECT,Costa Rica,97%,3%,
RESPECT,Cote d'Ivoire,84%,16%,
RESPECT,Croatia,75%,22%,3%
RESPECT,Cyprus,90%,9%,1%
RESPECT,Czech Republic,92%,6%,1%
RESPECT,Democratic Republic of the Congo,73%,27%,
RESPECT,Denmark,93%,6%,
RESPECT,Dominican Republic,95%,5%,
RESPECT,Ecuador,93%,7%,
RESPECT,Egypt,95%,5%,
RESPECT,El Salvador,96%,4%,
RESPECT,Estonia,93%,4%,2%
RESPECT,Eswatini,86%,14%,
RESPECT,Ethiopia,62%,38%,
RESPECT,Finland,92%,6%,1%
RESPECT,France,91%,9%,1%
RESPECT,Gabon,83%,17%,
RESPECT,Gambia,79%,20%,1%
RESPECT,Georgia,97%,3%,1%
RESPECT,Germany,89%,10%,
RESPECT,Ghana,89%,11%,
RESPECT,Greece,88%,12%,1%
RESPECT,Guatemala,95%,5%,
RESPECT,Guinea,84%,16%,
RESPECT,Honduras,95%,5%,
RESPECT,"Hong Kong, S.A.R. of China",86%,14%,1%
RESPECT,Hungary,94%,5%,2%
RESPECT,Iceland,95%,5%,1%
RESPECT,India,83%,16%,1%
RESPECT,Indonesia,93%,6%,
RESPECT,Iran,92%,8%,
RESPECT,Iraq,90%,10%,
RESPECT,Ireland,91%,8%,
RESPECT,Israel,94%,5%,1%
RESPECT,Italy,93%,7%,
RESPECT,Japan,62%,34%,4%
RESPECT,Jordan,88%,12%,
RESPECT,Kazakhstan,89%,5%,5%
RESPECT,Kenya,82%,17%,
RESPECT,Kosovo,94%,5%,1%
RESPECT,Kuwait,95%,5%,
RESPECT,Kyrgyzstan,91%,7%,2%
RESPECT,Lao People's Democratic Republic,62%,34%,4%
RESPECT,Latvia,90%,6%,4%
RESPECT,Lebanon,91%,9%,
RESPECT,Liberia,80%,20%,
RESPECT,Libya,83%,17%,1%
RESPECT,Lithuania,67%,19%,14%
RESPECT,Luxembourg,94%,6%,
RESPECT,Madagascar,83%,16%,1%
RESPECT,Malawi,70%,30%,
RESPECT,Malaysia,95%,4%,1%
RESPECT,Mali,88%,12%,
RESPECT,Malta,91%,8%,
RESPECT,Mauritania,84%,16%,
RESPECT,Mauritius,93%,5%,1%
RESPECT,Mexico,96%,3%,
RESPECT,"Moldova, Republic of",89%,8%,3%
RESPECT,Mongolia,83%,15%,2%
RESPECT,Montenegro,90%,9%,1%
RESPECT,Morocco,89%,9%,2%
RESPECT,Mozambique,86%,13%,1%
RESPECT,Myanmar,68%,30%,2%
RESPECT,Namibia,85%,15%,1%
RESPECT,Nepal,70%,30%,1%
RESPECT,Netherlands (Kingdom of the),94%,5%,1%
RESPECT,New Zealand,93%,6%,1%
RESPECT,Nicaragua,97%,3%,
RESPECT,Niger,85%,15%,1%
RESPECT,Nigeria,84%,16%,
RESPECT,North Macedonia,89%,9%,1%
RESPECT,Northern Cyprus,83%,14%,2%
RESPECT,Norway,95%,5%,
RESPECT,Pakistan,90%,10%,
RESPECT,Panama,96%,4%,
RESPECT,Paraguay,97%,3%,
RESPECT,Peru,92%,8%,
RESPECT,Philippines,95%,5%,
RESPECT,Poland,88%,9%,3%
RESPECT,Portugal,97%,3%,
RESPECT,Republic of the Congo,76%,23%,
RESPECT,Romania,90%,8%,2%
RESPECT,Russian Federation,90%,8%,2%
RESPECT,Saudi Arabia,94%,6%,
RESPECT,Senegal,92%,8%,
RESPECT,Serbia,89%,8%,3%
RESPECT,Sierra Leone,75%,24%,1%
RESPECT,Singapore,92%,7%,1%
RESPECT,Slovakia,88%,8%,4%
RESPECT,Slovenia,94%,6%,1%
RESPECT,Somalia,90%,10%,
RESPECT,South Africa,85%,15%,
RESPECT,South Korea,75%,23%,2%
RESPECT,Spain,94%,6%,
RESPECT,Sri Lanka,83%,16%,1%
RESPECT,State of Palestine,91%,8%,
RESPECT,Sweden,94%,5%,
RESPECT,Switzerland,91%,9%,
RESPECT,"Taiwan, Province of China",89%,9%,2%
RESPECT,Tajikistan,95%,4%,1%
RESPECT,Tanzania,81%,19%,
RESPECT,Thailand,92%,7%,1%
RESPECT,Togo,71%,29%,
RESPECT,Tunisia,91%,9%,
RESPECT,Türkiye,79%,19%,3%
RESPECT,Uganda,84%,14%,2%
RESPECT,Ukraine,91%,5%,4%
RESPECT,United Arab Emirates,82%,18%,
RESPECT,United Kingdom of Great Britain and Northern Ireland,88%,12%,
RESPECT,United States of America,89%,10%,1%
RESPECT,Uruguay,98%,2%,
RESPECT,Uzbekistan,96%,3%,1%
RESPECT,Venezuela,97%,3%,
RESPECT,Vietnam,97%,3%,
RESPECT,Yemen,80%,20%,
RESPECT,Zambia,88%,12%,
RESPECT,Zimbabwe,84%,16%,
ANGER,Afghanistan,25%,73%,2%
ANGER,Albania,24%,76%,
ANGER,Argentina,15%,85%,
ANGER,Armenia,42%,58%,
ANGER,Australia,14%,86%,
ANGER,Austria,17%,83%,
ANGER,Azerbaijan,20%,79%,1%
ANGER,Bahrain,27%,73%,
ANGER,Bangladesh,28%,72%,
ANGER,Belgium,14%,86%,
ANGER,Benin,32%,67%,
ANGER,Bolivia,28%,72%,
ANGER,Bosnia and Herzegovina,21%,78%,1%
ANGER,Botswana,15%,85%,
ANGER,Brazil,19%,81%,
ANGER,Bulgaria,11%,87%,2%
ANGER,Burkina Faso,19%,81%,
ANGER,Cambodia,21%,79%,
ANGER,Cameroon,26%,74%,
ANGER,Canada,19%,80%,
ANGER,Chad,35%,65%,
ANGER,Chile,13%,87%,
ANGER,China,20%,80%,
ANGER,Colombia,15%,85%,
ANGER,Comoros,31%,69%,
ANGER,Costa Rica,17%,83%,
ANGER,Cote d'Ivoire,18%,82%,
ANGER,Croatia,9%,89%,2%
ANGER,Cyprus,18%,82%,
ANGER,Czech Republic,22%,78%,
ANGER,Democratic Republic of the Congo,40%,60%,
ANGER,Denmark,14%,86%,
ANGER,Dominican Republic,12%,88%,1%
ANGER,Ecuador,21%,79%,
ANGER,Egypt,25%,75%,
ANGER,El Salvador,15%,85%,
ANGER,Estonia,7%,93%,
ANGER,Eswatini,23%,77%,
ANGER,Ethiopia,26%,74%,
ANGER,Finland,7%,93%,
ANGER,France,17%,83%,
ANGER,Gabon,33%,67%,
ANGER,Gambia,19%,81%,
ANGER,Georgia,23%,76%,
ANGER,Germany,15%,85%,
ANGER,Ghana,17%,83%,
ANGER,Greece,21%,79%,
ANGER,Guatemala,16%,84%,
ANGER,Guinea,36%,64%,
ANGER,Honduras,15%,84%,1%
ANGER,"Hong Kong, S.A.R. of China",13%,87%,
ANGER,Hungary,10%,90%,
ANGER,Iceland,9%,91%,
ANGER,India,31%,69%,
ANGER,Indonesia,20%,80%,
ANGER,Iran,35%,65%,
ANGER,Iraq,47%,53%,
ANGER,Ireland,19%,81%,
ANGER,Israel,36%,62%,2%
ANGER,Italy,12%,88%,
ANGER,Japan,13%,87%,
ANGER,Jordan,42%,58%,
ANGER,Kazakhstan,9%,89%,2%
ANGER,Kenya,18%,82%,
ANGER,Kosovo,13%,86%,1%
ANGER,Kuwait,16%,83%,
ANGER,Kyrgyzstan,16%,84%,1%
ANGER,Lao People's Democratic Republic,31%,69%,
ANGER,Latvia,15%,85%,
ANGER,Lebanon,35%,65%,
ANGER,Liberia,26%,74%,
ANGER,Libya,40%,60%,
ANGER,Lithuania,13%,85%,2%
ANGER,Luxembourg,13%,86%,
ANGER,Madagascar,30%,69%,
ANGER,Malawi,17%,83%,
ANGER,Malaysia,18%,82%,
ANGER,Mali,22%,78%,
ANGER,Malta,22%,78%,
ANGER,Mauritania,25%,75%,
ANGER,Mauritius,8%,92%,
ANGER,Mexico,8%,91%,
ANGER,"Moldova, Republic of",12%,85%,2%
ANGER,Mongolia,13%,87%,
ANGER,Montenegro,24%,75%,1%
ANGER,Morocco,38%,62%,
ANGER,Mozambique,17%,83%,
ANGER,Myanmar,29%,71%,
ANGER,Namibia,18%,82%,
ANGER,Nepal,24%,75%,
ANGER,Netherlands (Kingdom of the),9%,91%,1%
ANGER,New Zealand,13%,87%,
ANGER,Nicaragua,18%,82%,
ANGER,Niger,31%,69%,
ANGER,Nigeria,22%,78%,
ANGER,North Macedonia,26%,74%,1%
ANGER,Northern Cyprus,49%,49%,2%
ANGER,Norway,10%,90%,
ANGER,Pakistan,36%,64%,
ANGER,Panama,12%,88%,
ANGER,Paraguay,12%,88%,
ANGER,Peru,23%,76%,
ANGER,Philippines,29%,70%,1%
ANGER,Poland,12%,87%,
ANGER,Portugal,8%,92%,
ANGER,Republic of the Congo,28%,71%,1%
ANGER,Romania,18%,82%,
ANGER,Russian Federation,11%,89%,
ANGER,Saudi Arabia,25%,75%,
ANGER,Senegal,16%,84%,
ANGER,Serbia,13%,86%,
ANGER,Sierra Leone,32%,64%,4%
ANGER,Singapore,13%,87%,
ANGER,Slovakia,20%,80%,
ANGER,Slovenia,14%,86%,
ANGER,Somalia,13%,86%,
ANGER,South Africa,17%,83%,1%
ANGER,South Korea,18%,82%,
ANGER,Spain,23%,77%,
ANGER,Sri Lanka,29%,70%,
ANGER,State of Palestine,39%,61%,
ANGER,Sweden,11%,89%,
ANGER,Switzerland,11%,89%,
ANGER,"Taiwan, Province of China",10%,90%,
ANGER,Tajikistan,21%,79%,1%
ANGER,Tanzania,15%,85%,
ANGER,Thailand,15%,84%,
ANGER,Togo,26%,74%,
ANGER,Tunisia,39%,61%,
ANGER,Türkiye,34%,65%,1%
ANGER,Uganda,29%,71%,
ANGER,Ukraine,22%,78%,1%
ANGER,United Arab Emirates,31%,69%,
ANGER,United Kingdom of Great Britain and Northern Ireland,17%,83%,
ANGER,United States of America,18%,82%,
ANGER,Uruguay,9%,91%,
ANGER,Uzbekistan,23%,77%,
ANGER,Venezuela,14%,85%,1%
ANGER,Vietnam,5%,95%,
ANGER,Yemen,28%,72%,
ANGER,Zambia,22%,78%,
ANGER,Zimbabwe,10%,90%,
